Brand,Types,Model,Transmission,Engine,Seater,Fuel_type,Price
Tata,Nexon,SUV,Manual,1497,5,Petrol,9.01
Tata,Nexon,SUV,Manual,1497,5,Petrol,10.06
Tata,Nexon,SUV,Manual,1497,5,Petrol,10.72
Tata,Nexon,SUV,Automatic,1497,5,Petrol,10.78
Tata,Nexon,SUV,Manual,1497,5,Petrol,11.16
Tata,Nexon,SUV,Manual,1497,5,Diesel,11.33
Tata,Nexon,SUV,Automatic,1497,5,Petrol,11.84
Tata,Nexon,SUV,Automatic,1497,5,Petrol,12.3
Tata,Nexon,SUV,Manual,1497,5,Petrol,12.35
Tata,Nexon,SUV,Manual,1497,5,Petrol,12.69
Tata,Nexon,SUV,Manual,1497,5,Diesel,12.74
Tata,Nexon,SUV,Automatic,1497,5,Petrol,13.09
Tata,Nexon,SUV,Manual,1497,5,Petrol,13.21
Tata,Nexon,SUV,Automatic,1497,5,Petrol,13.43
Tata,Nexon,SUV,Automatic,1497,5,Diesel,13.49
Tata,Nexon,SUV,Manual,1497,5,Diesel,13.49
Tata,Nexon,SUV,Manual,1497,5,Petrol,13.55
Tata,Nexon,SUV,Manual,1497,5,Petrol,13.6
Tata,Nexon,SUV,Automatic,1497,5,Petrol,13.94
Tata,Nexon,SUV,Manual,1497,5,Petrol,13.94
Tata,Nexon,SUV,Manual,1497,5,Petrol,14.17
Tata,Nexon,SUV,Automatic,1497,5,Diesel,14.19
Tata,Nexon,SUV,Manual,1497,5,Diesel,14.25
Tata,Nexon,SUV,Automatic,1497,5,Petrol,14.28
Tata,Nexon,SUV,Automatic,1497,5,Petrol,14.34
Tata,Nexon,SUV,Manual,1497,5,Petrol,14.4
Tata,Nexon,SUV,Manual,1497,5,Petrol,14.46
Tata,Nexon,SUV,Manual,1497,5,Diesel,14.59
Tata,Nexon,SUV,Automatic,1497,5,Petrol,14.68
Tata,Nexon,SUV,Automatic,1497,5,Petrol,14.91
Tata,Nexon,SUV,Automatic,1497,5,Diesel,15
Tata,Nexon,SUV,Manual,1497,5,Diesel,15.12
Tata,Nexon,SUV,Automatic,1497,5,Petrol,15.14
Tata,Nexon,SUV,Automatic,1497,5,Petrol,15.19
Tata,Nexon,SUV,Automatic,1497,5,Diesel,15.35
Tata,Nexon,SUV,Manual,1497,5,Diesel,15.47
Tata,Nexon,SUV,Manual,1497,5,Diesel,15.52
Tata,Nexon,SUV,Manual,1497,5,Diesel,15.87
Tata,Nexon,SUV,Manual,1497,5,Diesel,16.1
Tata,Nexon,SUV,Automatic,1497,5,Diesel,16.28
Tata,Nexon,SUV,Manual,1497,5,Diesel,16.34
Tata,Nexon,SUV,Manual,1497,5,Diesel,16.39
Tata,Nexon,SUV,Automatic,1497,5,Diesel,16.63
Tata,Nexon,SUV,Automatic,1497,5,Diesel,16.86
Tata,Nexon,SUV,Automatic,1497,5,Diesel,17.09
Tata,Nexon,SUV,Automatic,1497,5,Diesel,17.15
Maruti,Suzuki,Hatchback,Manual,1197,5,Petrol,7.42
Maruti,Suzuki,Hatchback,Manual,1197,5,Petrol,8.35
Maruti,Suzuki,Hatchback,Automatic,1197,5,Petrol,8.96
Maruti,Suzuki,Hatchback,Manual,1197,5,CNG,9.43
Maruti,Suzuki,Hatchback,Manual,1197,5,Petrol,9.45
Maruti,Suzuki,Hatchback,Automatic,1197,5,Petrol,10.06
Maruti,Suzuki,Hatchback,Manual,1197,5,CNG,10.44
Maruti,Suzuki,Hatchback,Manual,1197,5,Petrol,10.5
Maruti,Suzuki,Hatchback,Automatic,1197,5,Petrol,11.11
Tata,Punch,SUV,Manual,1199,5,Petrol,6.6
Tata,Punch,SUV,Manual,1199,5,Petrol,7.16
Tata,Punch,SUV,Manual,1199,5,Petrol,7.76
Tata,Punch,SUV,Manual,1199,5,Petrol,7.87
Tata,Punch,SUV,Manual,1199,5,CNG,8.03
Tata,Punch,SUV,Manual,1199,5,Petrol,8.15
Tata,Punch,SUV,Manual,1199,5,Petrol,8.26
Tata,Punch,SUV,Automatic,1199,5,Petrol,8.42
Tata,Punch,SUV,Automatic,1199,5,Petrol,8.53
Tata,Punch,SUV,Manual,1199,5,Petrol,8.69
Tata,Punch,SUV,Manual,1199,5,Petrol,8.75
Tata,Punch,SUV,Automatic,1199,5,Petrol,8.8
Tata,Punch,SUV,Manual,1199,5,CNG,8.86
Tata,Punch,SUV,Automatic,1199,5,Petrol,8.91
Tata,Punch,SUV,Manual,1199,5,Petrol,9.13
Tata,Punch,SUV,Manual,1199,5,Petrol,9.16
Tata,Punch,SUV,Manual,1199,5,Petrol,9.24
Tata,Punch,SUV,Manual,1199,5,CNG,9.24
Tata,Punch,SUV,Automatic,1199,5,Petrol,9.35
Tata,Punch,SUV,Automatic,1199,5,Petrol,9.41
Tata,Punch,SUV,Manual,1199,5,Petrol,9.54
Tata,Punch,SUV,Manual,1199,5,Petrol,9.68
Tata,Punch,SUV,Automatic,1199,5,Petrol,9.79
Tata,Punch,SUV,Automatic,1199,5,Petrol,9.82
Tata,Punch,SUV,Automatic,1199,5,Petrol,9.9
Tata,Punch,SUV,Manual,1199,5,CNG,9.96
Tata,Punch,SUV,Manual,1199,5,Petrol,9.98
Tata,Punch,SUV,Manual,1199,5,Petrol,10.28
Tata,Punch,SUV,Automatic,1199,5,Petrol,10.34
Tata,Punch,SUV,Automatic,1199,5,Petrol,10.45
Tata,Punch,SUV,Manual,1199,5,Petrol,10.61
Tata,Punch,SUV,Automatic,1199,5,Petrol,10.63
Tata,Punch,SUV,Manual,1199,5,CNG,10.87
Tata,Punch,SUV,Automatic,1199,5,Petrol,10.94
Tata,Punch,SUV,Automatic,1199,5,Petrol,11.67
Hyundai,Grand,Hatchback,Manual,1197,5,Petrol,6.11
Hyundai,Grand,Hatchback,Manual,1197,5,Petrol,7.27
Hyundai,Grand,Hatchback,Manual,1197,5,Petrol,7.89
Hyundai,Grand,Hatchback,Manual,1197,5,Petrol,7.93
Hyundai,Grand,Hatchback,Automatic,1197,5,Petrol,8.29
Hyundai,Grand,Hatchback,Manual,1197,5,CNG,8.33
Hyundai,Grand,Hatchback,Manual,1197,5,Petrol,8.73
Hyundai,Grand,Hatchback,Automatic,1197,5,Petrol,8.82
Hyundai,Grand,Hatchback,Automatic,1197,5,Petrol,8.86
Hyundai,Grand,Hatchback,Manual,1197,5,CNG,8.94
Hyundai,Grand,Hatchback,Automatic,1197,5,Petrol,9.66
Hyundai,Aura,Sedan,Manual,1197,5,Petrol,7.14
Hyundai,Aura,Sedan,Manual,1197,5,Petrol,8.08
Hyundai,Aura,Sedan,Manual,1197,5,Petrol,8.94
Hyundai,Aura,Sedan,Manual,1197,5,CNG,9.04
Hyundai,Aura,Sedan,Manual,1197,5,Petrol,9.67
Hyundai,Aura,Sedan,Automatic,1197,5,Petrol,9.83
Hyundai,Aura,Sedan,Manual,1197,5,CNG,9.89
Maruti,Suzuki,Hatchback,Manual,998,5,Petrol,5.92
Maruti,Suzuki,Hatchback,Manual,998,5,Petrol,6.4
Maruti,Suzuki,Hatchback,Manual,998,5,Petrol,6.95
Maruti,Suzuki,Hatchback,Manual,998,5,CNG,7.03
Maruti,Suzuki,Hatchback,Automatic,998,5,Petrol,7.29
Maruti,Suzuki,Hatchback,Manual,998,5,Petrol,7.47
Maruti,Suzuki,Hatchback,Manual,998,5,CNG,7.52
Maruti,Suzuki,Hatchback,Automatic,998,5,Petrol,7.64
Maruti,Suzuki,Hatchback,Automatic,998,5,Petrol,8.16
Hyundai,New,Hatchback,Manual,1197,5,Petrol,8.39
Hyundai,New,Hatchback,Manual,1197,5,Petrol,8.97
Hyundai,New,Hatchback,Manual,1197,5,Petrol,10.14
Hyundai,New,Hatchback,Automatic,1197,5,Petrol,10.27
Hyundai,New,Hatchback,Manual,1197,5,Petrol,10.96
Hyundai,New,Hatchback,Automatic,1197,5,Petrol,11.53
Hyundai,New,Hatchback,Manual,1197,5,Petrol,11.7
Hyundai,New,Hatchback,Automatic,1197,5,Petrol,12.54
Hyundai,New,Hatchback,Automatic,1197,5,Petrol,13.33
Maruti,Suzuki,Hatchback,Manual,1197,5,Petrol,6.45
Maruti,Suzuki,Hatchback,Manual,1197,5,Petrol,7.68
Maruti,Suzuki,Hatchback,Automatic,1197,5,Petrol,8.29
Maruti,Suzuki,Hatchback,Manual,1197,5,Petrol,8.43
Maruti,Suzuki,Hatchback,Manual,1197,5,CNG,8.68
Maruti,Suzuki,Hatchback,Automatic,1197,5,Petrol,9.03
Maruti,Suzuki,Hatchback,Manual,1197,5,Petrol,9.36
Maruti,Suzuki,Hatchback,Automatic,1197,5,Petrol,9.82
Tata,Tigor,Sedan,Manual,1199,5,Petrol,6.94
Tata,Tigor,Sedan,Manual,1199,5,Petrol,7.55
Tata,Tigor,Sedan,Manual,1199,5,Petrol,7.99
Tata,Tigor,Sedan,Automatic,1199,5,Petrol,8.21
Tata,Tigor,Sedan,Manual,1199,5,CNG,8.55
Tata,Tigor,Sedan,Manual,1199,5,Petrol,8.7
Tata,Tigor,Sedan,Manual,1199,5,CNG,8.8
Tata,Tigor,Sedan,Manual,1199,5,Petrol,8.81
Tata,Tigor,Sedan,Manual,1199,5,CNG,8.99
Tata,Tigor,Sedan,Manual,1199,5,CNG,9.24
Tata,Tigor,Sedan,Automatic,1199,5,Petrol,9.36
Tata,Tigor,Sedan,Automatic,1199,5,Petrol,9.47
Tata,Tigor,Sedan,Manual,1199,5,CNG,9.7
Tata,Tigor,Sedan,Manual,1199,5,CNG,9.81
Tata,Tigor,Sedan,Manual,1199,5,CNG,9.96
Tata,Tigor,Sedan,Manual,1199,5,CNG,10.07
Tata,Altroz,Hatchback,Manual,1199,5,Petrol,7.37
Tata,Altroz,Hatchback,Manual,1199,5,Petrol,7.54
Tata,Altroz,Hatchback,Manual,1199,5,Petrol,8.2
Tata,Altroz,Hatchback,Manual,1199,5,Petrol,8.42
Tata,Altroz,Hatchback,Manual,1199,5,CNG,8.59
Tata,Altroz,Hatchback,Manual,1199,5,Petrol,8.91
Tata,Altroz,Hatchback,Manual,1199,5,Petrol,9
Tata,Altroz,Hatchback,Manual,1199,5,Diesel,9.17
Tata,Altroz,Hatchback,Manual,1199,5,Petrol,9.25
Tata,Altroz,Hatchback,Manual,1199,5,Petrol,9.41
Tata,Altroz,Hatchback,Manual,1199,5,CNG,9.46
Tata,Altroz,Hatchback,Automatic,1199,5,Petrol,9.47
Tata,Altroz,Hatchback,Manual,1199,5,Diesel,9.9
Tata,Altroz,Hatchback,Manual,1199,5,Petrol,9.95
Tata,Altroz,Hatchback,Automatic,1199,5,Petrol,9.96
Tata,Altroz,Hatchback,Manual,1199,5,CNG,10
Tata,Altroz,Hatchback,Manual,1199,5,Petrol,10
Tata,Altroz,Hatchback,Manual,1199,5,Petrol,10.01
Tata,Altroz,Hatchback,Automatic,1199,5,Petrol,10.07
Tata,Altroz,Hatchback,Manual,1199,5,Petrol,10.07
Tata,Altroz,Hatchback,Manual,1199,5,Petrol,10.17
Tata,Altroz,Hatchback,Manual,1199,5,Diesel,10.4
Tata,Altroz,Hatchback,Manual,1199,5,Petrol,10.45
Tata,Altroz,Hatchback,Manual,1199,5,Diesel,10.51
Tata,Altroz,Hatchback,Manual,1199,5,Petrol,10.58
Tata,Altroz,Hatchback,Automatic,1199,5,Petrol,10.62
Tata,Altroz,Hatchback,Manual,1199,5,Petrol,10.67
Tata,Altroz,Hatchback,Manual,1199,5,CNG,10.74
Tata,Altroz,Hatchback,Manual,1199,5,Petrol,10.83
Tata,Altroz,Hatchback,Automatic,1199,5,Petrol,11.05
Tata,Altroz,Hatchback,Automatic,1199,5,Petrol,11.07
Tata,Altroz,Hatchback,Manual,1199,5,Petrol,11.07
Tata,Altroz,Hatchback,Manual,1199,5,Diesel,11.07
Tata,Altroz,Hatchback,Manual,1199,5,CNG,11.26
Tata,Altroz,Hatchback,Automatic,1199,5,Petrol,11.74
Tata,Altroz,Hatchback,Automatic,1199,5,Petrol,12.1
Tata,Altroz,Hatchback,Manual,1199,5,Diesel,12.11
Tata,Altroz,Hatchback,Manual,1199,5,Diesel,12.17
Tata,Altroz,Hatchback,Manual,1199,5,CNG,12.27
Tata,Altroz,Hatchback,Manual,1199,5,Diesel,12.28
Tata,Altroz,Hatchback,Manual,1199,5,Diesel,12.58
Tata,Tiago,Hatchback,Manual,1199,5,Petrol,6
Tata,Tiago,Hatchback,Manual,1199,5,Petrol,6.43
Tata,Tiago,Hatchback,Manual,1199,5,Petrol,7.05
Tata,Tiago,Hatchback,Manual,1199,5,CNG,7.17
Tata,Tiago,Hatchback,Manual,1199,5,Petrol,7.38
Tata,Tiago,Hatchback,Manual,1199,5,CNG,7.42
Tata,Tiago,Hatchback,Manual,1199,5,CNG,7.55
Tata,Tiago,Hatchback,Automatic,1199,5,Petrol,7.71
Tata,Tiago,Hatchback,Manual,1199,5,CNG,7.81
Tata,Tiago,Hatchback,Manual,1199,5,Petrol,7.88
Tata,Tiago,Hatchback,Manual,1199,5,CNG,8.05
Tata,Tiago,Hatchback,Manual,1199,5,CNG,8.3
Tata,Tiago,Hatchback,Automatic,1199,5,Petrol,8.53
Tata,Tiago,Hatchback,Manual,1199,5,CNG,8.88
Tata,Tiago,Hatchback,Manual,1199,5,CNG,9.13
Hyundai,Venue,SUV,Manual,998,5,Petrol,8.78
Hyundai,Venue,SUV,Manual,998,5,Petrol,10.13
Hyundai,Venue,SUV,Manual,998,5,Petrol,11.05
Hyundai,Venue,SUV,Manual,998,5,Petrol,12.15
Hyundai,Venue,SUV,Manual,998,5,Diesel,12.5
Hyundai,Venue,SUV,Manual,998,5,Petrol,12.78
Hyundai,Venue,SUV,Automatic,998,5,Petrol,13.29
Hyundai,Venue,SUV,Manual,998,5,Petrol,14.35
Hyundai,Venue,SUV,Manual,998,5,Diesel,14.54
Hyundai,Venue,SUV,Automatic,998,5,Petrol,15.13
Hyundai,Venue,SUV,Manual,998,5,Diesel,15.47
Hyundai,Creta,SUV,Manual,1493,5,Petrol,12.7
Hyundai,Creta,SUV,Manual,1493,5,Petrol,13.78
Hyundai,Creta,SUV,Manual,1493,5,Diesel,14.25
Hyundai,Creta,SUV,Manual,1493,5,Petrol,15.21
Hyundai,Creta,SUV,Manual,1493,5,Diesel,15.75
Hyundai,Creta,SUV,Manual,1493,5,Petrol,16.25
Hyundai,Creta,SUV,Manual,1493,5,Petrol,17.22
Hyundai,Creta,SUV,Manual,1493,5,Diesel,17.25
Hyundai,Creta,SUV,Manual,1493,5,Diesel,18.37
Hyundai,Creta,SUV,Automatic,1493,5,Petrol,18.96
Hyundai,Creta,SUV,Manual,1493,5,Diesel,19.36
Hyundai,Creta,SUV,Automatic,1493,5,Petrol,20.35
Hyundai,Creta,SUV,Automatic,1493,5,Petrol,20.54
Hyundai,Creta,SUV,Manual,1493,5,Diesel,20.86
Hyundai,Creta,SUV,Automatic,1493,5,Diesel,22.51
Hyundai,Creta,SUV,Automatic,1493,5,Diesel,22.74
Maruti,Suzuki,Hatchback,Manual,998,5,Petrol,5.68
Maruti,Suzuki,Hatchback,Manual,998,5,Petrol,6.13
Maruti,Suzuki,Hatchback,Manual,998,5,Petrol,6.61
Maruti,Suzuki,Hatchback,Automatic,998,5,Petrol,6.98
Maruti,Suzuki,Hatchback,Manual,998,5,Petrol,7.14
Maruti,Suzuki,Hatchback,Automatic,998,5,Petrol,7.28
Maruti,Suzuki,Hatchback,Manual,998,5,CNG,7.31
Maruti,Suzuki,Hatchback,Automatic,998,5,Petrol,7.81
Hyundai,Alcazar,SUV,Manual,1482,5,Petrol,19.48
Hyundai,Alcazar,SUV,Manual,1482,5,Diesel,21.02
Hyundai,Alcazar,SUV,Manual,1482,5,Petrol,21.66
Hyundai,Alcazar,SUV,Automatic,1482,5,Diesel,22.74
Hyundai,Alcazar,SUV,Automatic,1482,5,Petrol,23.16
Hyundai,Alcazar,SUV,Manual,1482,5,Diesel,23.26
Hyundai,Alcazar,SUV,Automatic,1482,5,Petrol,23.5
Hyundai,Alcazar,SUV,Manual,1482,5,Diesel,23.83
Hyundai,Alcazar,SUV,Automatic,1482,5,Diesel,24.57
Hyundai,Alcazar,SUV,Automatic,1482,5,Diesel,24.71
Hyundai,i20,Hatchback,Manual,998,5,Petrol,11.86
Hyundai,i20,Hatchback,Manual,998,5,Petrol,13.04
Hyundai,i20,Hatchback,Automatic,998,5,Petrol,13.83
Maruti,Suzuki,Sedan,Manual,1197,5,Petrol,7.35
Maruti,Suzuki,Sedan,Manual,1197,5,Petrol,8.37
Maruti,Suzuki,Sedan,Automatic,1197,5,Petrol,8.97
Maruti,Suzuki,Sedan,Manual,1197,5,Petrol,9.11
Maruti,Suzuki,Sedan,Manual,1197,5,CNG,9.42
Maruti,Suzuki,Sedan,Automatic,1197,5,Petrol,9.72
Maruti,Suzuki,Sedan,Manual,1197,5,Petrol,9.9
Maruti,Suzuki,Sedan,Manual,1197,5,CNG,10.16
Maruti,Suzuki,Sedan,Automatic,1197,5,Petrol,10.5
Maruti,Suzuki,SUV,Manual,998,5,Petrol,5.3
Maruti,Suzuki,SUV,Manual,998,5,Petrol,5.47
Maruti,Suzuki,SUV,Manual,998,5,Petrol,5.78
Maruti,Suzuki,SUV,Automatic,998,5,Petrol,6.12
Maruti,Suzuki,SUV,Manual,998,5,CNG,6.23
Maruti,Suzuki,SUV,Automatic,998,5,Petrol,6.61
Maruti,Suzuki,SUV,Manual,998,5,CNG,6.63
Nissan,Magnite,SUV,Manual,999,5,Petrol,6.71
Nissan,Magnite,SUV,Manual,999,5,Petrol,7.84
Nissan,Magnite,SUV,Manual,999,5,Petrol,8.18
Nissan,Magnite,SUV,Manual,999,5,Petrol,8.8
Nissan,Magnite,SUV,Manual,999,5,Petrol,8.97
Nissan,Magnite,SUV,Manual,999,5,Petrol,9.27
Nissan,Magnite,SUV,Manual,999,5,Petrol,9.66
Nissan,Magnite,SUV,Manual,999,5,Petrol,10.33
Nissan,Magnite,SUV,Manual,999,5,Petrol,10.51
Nissan,Magnite,SUV,Manual,999,5,Petrol,10.92
Nissan,Magnite,SUV,Automatic,999,5,Petrol,11.23
Nissan,Magnite,SUV,Automatic,999,5,Petrol,11.75
Nissan,Magnite,SUV,Automatic,999,5,Petrol,12.39
Maruti,Suzuki,SUV,Manual,1462,5,Petrol,11.01
Maruti,Suzuki,SUV,Manual,1462,5,CNG,12.5
Maruti,Suzuki,SUV,Manual,1462,5,Petrol,13.03
Maruti,Suzuki,SUV,Automatic,1462,5,Petrol,13.14
Maruti,Suzuki,SUV,Manual,1462,5,CNG,14.09
Maruti,Suzuki,SUV,Manual,1462,5,Petrol,14.69
Maruti,Suzuki,SUV,Automatic,1462,5,Petrol,14.77
Maruti,Suzuki,SUV,Automatic,1462,5,Petrol,16.43
Skoda,Kodiaq,SUV,Automatic,1984,5,Petrol,44.47
Skoda,Kodiaq,SUV,Automatic,1984,5,Petrol,46.1
Skoda,Kodiaq,SUV,Automatic,1984,5,Petrol,48.36
Honda,Amaze,Sedan,Manual,1199,5,Petrol,7.95
Honda,Amaze,Sedan,Manual,1199,5,Petrol,8.71
Honda,Amaze,Sedan,Automatic,1199,5,Petrol,9.69
Honda,Amaze,Sedan,Manual,1199,5,Petrol,9.9
Honda,Amaze,Sedan,Automatic,1199,5,Petrol,10.8
Honda,City,Sedan,Manual,1498,5,Petrol,13.36
Honda,City,Sedan,Manual,1498,5,Petrol,14.36
Honda,City,Sedan,Manual,1498,5,Petrol,15.64
Honda,City,Sedan,Automatic,1498,5,Petrol,15.67
Honda,City,Sedan,Manual,1498,5,Petrol,17.04
Honda,City,Sedan,Automatic,1498,5,Petrol,17.06
Honda,City,Sedan,Automatic,1498,5,Petrol,18.46
Maruti,Suzuki,SUV,Manual,1462,5,Petrol,13.34
Maruti,Suzuki,SUV,Manual,1462,5,CNG,14.43
Maruti,Suzuki,SUV,Manual,1462,5,Petrol,14.47
Maruti,Suzuki,SUV,Automatic,1462,5,Petrol,15.04
Maruti,Suzuki,SUV,Manual,1462,5,Petrol,15.15
Maruti,Suzuki,SUV,Automatic,1462,5,Petrol,16.18
Maruti,Suzuki,SUV,Automatic,1462,5,Petrol,16.86
Maruti,Suzuki,SUV,Manual,1462,5,Petrol,9.85
Maruti,Suzuki,SUV,Manual,1462,5,Petrol,11.13
Maruti,Suzuki,SUV,Manual,1462,5,CNG,12.63
Maruti,Suzuki,SUV,Manual,1462,5,Petrol,12.79
Maruti,Suzuki,SUV,Automatic,1462,5,Petrol,13.25
Maruti,Suzuki,SUV,Manual,1462,5,Petrol,13.6
Maruti,Suzuki,SUV,Manual,1462,5,CNG,13.9
Maruti,Suzuki,SUV,Automatic,1462,5,Petrol,14.52
Maruti,Suzuki,SUV,Automatic,1462,5,Petrol,15.33
Maruti,Suzuki,Sedan,Manual,1462,5,Petrol,10.39
Maruti,Suzuki,Sedan,Manual,1462,5,Petrol,11.07
Maruti,Suzuki,Sedan,Manual,1462,5,Petrol,11.9
Maruti,Suzuki,Sedan,Automatic,1462,5,Petrol,12.81
Maruti,Suzuki,Sedan,Manual,1462,5,Petrol,12.82
Maruti,Suzuki,Sedan,Automatic,1462,5,Petrol,13.26
Maruti,Suzuki,Sedan,Automatic,1462,5,Petrol,14.16
Tata,Nexon,SUV,Automatic,30200,5,Electric,15.24
Tata,Nexon,SUV,Automatic,30200,5,Electric,16.8
Tata,Nexon,SUV,Automatic,30200,5,Electric,17
Tata,Nexon,SUV,Automatic,30200,5,Electric,17.83
Tata,Nexon,SUV,Automatic,30200,5,Electric,18.03
Tata,Tiago,Hatchback,Manual,1199,5,CNG,8.38
Tata,Tiago,Hatchback,Manual,1199,5,CNG,8.64
Maruti,Suzuki,SUV,Manual,1490,5,Petrol,14.45
Maruti,Suzuki,SUV,Manual,1490,5,CNG,15.54
Maruti,Suzuki,SUV,Automatic,1490,5,Petrol,16.18
Maruti,Suzuki,SUV,Manual,1490,5,Petrol,16.51
Maruti,Suzuki,SUV,Manual,1490,5,CNG,17.62
Maruti,Suzuki,SUV,Manual,1490,5,Petrol,18.24
Maruti,Suzuki,SUV,Automatic,1490,5,Petrol,18.24
Maruti,Suzuki,SUV,Automatic,1490,5,Petrol,19.97
Maruti,Suzuki,SUV,Manual,1490,5,Petrol,19.97
Maruti,Suzuki,SUV,Automatic,1490,5,Petrol,21.66
Maruti,Suzuki,SUV,Automatic,1490,5,Petrol,23.38
Tata,Nexon,SUV,Automatic,40500,5,Electric,17.33
Tata,Nexon,SUV,Automatic,40500,5,Electric,17.83
Tata,Nexon,SUV,Automatic,40500,5,Electric,18.35
Tata,Nexon,SUV,Automatic,40500,5,Electric,18.94
Tata,Nexon,SUV,Automatic,40500,5,Electric,19.66
Tata,Nexon,SUV,Automatic,40500,5,Electric,19.71
Tata,Nexon,SUV,Automatic,40500,5,Electric,19.96
Tata,Nexon,SUV,Automatic,40500,5,Electric,20.18
Tata,Nexon,SUV,Automatic,40500,5,Electric,20.22
Tata,Nexon,SUV,Automatic,40500,5,Electric,20.48
Maruti,Suzuki,Hatchback,Manual,998,5,Petrol,5.07
Maruti,Suzuki,Hatchback,Manual,998,5,Petrol,5.32
Maruti,Suzuki,Hatchback,Manual,998,5,Petrol,5.63
Maruti,Suzuki,Hatchback,Automatic,998,5,Petrol,6.06
Maruti,Suzuki,Hatchback,Automatic,998,5,Petrol,6.37
Maruti,Suzuki,Hatchback,Manual,998,5,CNG,6.38
Mahindra,Marazzo,MPV/MUV,Manual,1497,5,Diesel,16.14
Mahindra,Marazzo,MPV/MUV,Manual,1497,5,Diesel,17.59
Mahindra,Marazzo,MPV/MUV,Manual,1497,5,Diesel,17.69
Mahindra,Marazzo,MPV/MUV,Manual,1497,5,Diesel,18.77
Mahindra,Marazzo,MPV/MUV,Manual,1497,5,Diesel,18.87
Mahindra,Scorpio-N,SUV,Manual,1997,5,Petrol,15.78
Mahindra,Scorpio-N,SUV,Manual,1997,5,Petrol,16.02
Mahindra,Scorpio-N,SUV,Manual,1997,5,Diesel,16.89
Mahindra,Scorpio-N,SUV,Manual,1997,5,Diesel,17.12
Mahindra,Scorpio-N,SUV,Manual,1997,5,Petrol,17.61
Mahindra,Scorpio-N,SUV,Manual,1997,5,Petrol,17.73
Mahindra,Scorpio-N,SUV,Manual,1997,5,Diesel,18.75
Mahindra,Scorpio-N,SUV,Manual,1997,5,Diesel,18.87
Mahindra,Scorpio-N,SUV,Manual,1997,5,Diesel,19.84
Mahindra,Scorpio-N,SUV,Automatic,1997,5,Petrol,19.89
Mahindra,Scorpio-N,SUV,Automatic,1997,5,Diesel,21.11
Mahindra,Scorpio-N,SUV,Manual,1997,5,Petrol,21.44
Mahindra,Scorpio-N,SUV,Manual,1997,5,Diesel,21.71
Mahindra,Scorpio-N,SUV,Manual,1997,5,Diesel,21.77
Mahindra,Scorpio-N,SUV,Automatic,1997,5,Diesel,22.19
Mahindra,Scorpio-N,SUV,Manual,1997,5,Diesel,22.75
Mahindra,Scorpio-N,SUV,Automatic,1997,5,Petrol,23.65
Mahindra,Scorpio-N,SUV,Manual,1997,5,Petrol,23.66
Mahindra,Scorpio-N,SUV,Manual,1997,5,Petrol,23.96
Mahindra,Scorpio-N,SUV,Manual,1997,5,Diesel,25.06
Mahindra,Scorpio-N,SUV,Automatic,1997,5,Diesel,25.08
Mahindra,Scorpio-N,SUV,Manual,1997,5,Diesel,25.34
Mahindra,Scorpio-N,SUV,Automatic,1997,5,Petrol,25.59
Mahindra,Scorpio-N,SUV,Manual,1997,5,Diesel,25.8
Mahindra,Scorpio-N,SUV,Automatic,1997,5,Petrol,25.83
Mahindra,Scorpio-N,SUV,Automatic,1997,5,Diesel,26.98
Mahindra,Scorpio-N,SUV,Automatic,1997,5,Diesel,27.16
Mahindra,Scorpio-N,SUV,Manual,1997,5,Diesel,27.87
Mahindra,Scorpio-N,SUV,Automatic,1997,5,Diesel,28.09
Mahindra,Scorpio-N,SUV,Automatic,1997,5,Diesel,29.78
Mahindra,XUV700,SUV,Manual,2184,5,Petrol,17.18
Mahindra,XUV700,SUV,Manual,2184,5,Petrol,17.73
Mahindra,XUV700,SUV,Manual,2184,5,Diesel,18.2
Mahindra,XUV700,SUV,Manual,2184,5,Diesel,18.86
Mahindra,XUV700,SUV,Manual,2184,5,Petrol,20.02
Mahindra,XUV700,SUV,Manual,2184,5,Petrol,20.59
Mahindra,XUV700,SUV,Manual,2184,5,Diesel,21.14
Mahindra,XUV700,SUV,Manual,2184,5,Petrol,21.58
Mahindra,XUV700,SUV,Manual,2184,5,Diesel,21.73
Mahindra,XUV700,SUV,Automatic,2184,5,Petrol,22.12
Mahindra,XUV700,SUV,Manual,2184,5,Diesel,22.12
Mahindra,XUV700,SUV,Manual,2184,5,Petrol,22.15
Mahindra,XUV700,SUV,Manual,2184,5,Petrol,22.35
Mahindra,XUV700,SUV,Manual,2184,5,Diesel,22.71
Mahindra,XUV700,SUV,Manual,2184,5,Petrol,22.91
Mahindra,XUV700,SUV,Manual,2184,5,Diesel,23.51
Mahindra,XUV700,SUV,Automatic,2184,5,Diesel,23.55
Mahindra,XUV700,SUV,Automatic,2184,5,Petrol,23.7
Mahindra,XUV700,SUV,Manual,2184,5,Petrol,24.71
Mahindra,XUV700,SUV,Automatic,2184,5,Diesel,25.18
Mahindra,XUV700,SUV,Automatic,2184,5,Diesel,25.92
Mahindra,XUV700,SUV,Manual,2184,5,Diesel,26.2
Mahindra,XUV700,SUV,Automatic,2184,5,Petrol,26.88
Mahindra,XUV700,SUV,Automatic,2184,5,Diesel,28.4
Mahindra,XUV700,SUV,Manual,2184,5,Diesel,28.48
Mahindra,XUV700,SUV,Automatic,2184,5,Petrol,29.16
Mahindra,XUV700,SUV,Automatic,2184,5,Diesel,30.08
Mahindra,XUV700,SUV,Automatic,2184,5,Diesel,30.65
Mahindra,XUV700,SUV,Automatic,2184,5,Diesel,32.18
Mahindra,XUV300,SUV,Manual,1197,5,Petrol,9.92
Mahindra,XUV300,SUV,Manual,1197,5,Petrol,11.69
Mahindra,XUV300,SUV,Manual,1197,5,Diesel,11.76
Mahindra,XUV300,SUV,Manual,1197,5,Petrol,12.88
Mahindra,XUV300,SUV,Automatic,1197,5,Petrol,13.04
Mahindra,XUV300,SUV,Manual,1197,5,Diesel,13.55
Mahindra,XUV300,SUV,Manual,1197,5,Petrol,13.74
Mahindra,XUV300,SUV,Manual,1197,5,Petrol,14.4
Mahindra,XUV300,SUV,Automatic,1197,5,Diesel,15.09
Mahindra,XUV300,SUV,Manual,1197,5,Petrol,15.16
Mahindra,XUV300,SUV,Manual,1197,5,Petrol,15.72
Mahindra,XUV300,SUV,Automatic,1197,5,Petrol,15.78
Mahindra,XUV300,SUV,Manual,1197,5,Diesel,15.91
Mahindra,XUV300,SUV,Manual,1197,5,Diesel,16.92
Mahindra,XUV300,SUV,Automatic,1197,5,Diesel,17.15
Toyota,Glanza,Hatchback,Manual,1197,5,Petrol,7.7
Toyota,Glanza,Hatchback,Manual,1197,5,Petrol,8.68
Toyota,Glanza,Hatchback,Automatic,1197,5,Petrol,9.28
Toyota,Glanza,Hatchback,Manual,1197,5,CNG,9.67
Toyota,Glanza,Hatchback,Manual,1197,5,Petrol,9.81
Toyota,Glanza,Hatchback,Automatic,1197,5,Petrol,10.42
Toyota,Glanza,Hatchback,Manual,1197,5,CNG,10.8
Toyota,Glanza,Hatchback,Manual,1197,5,Petrol,10.91
Toyota,Glanza,Hatchback,Automatic,1197,5,Petrol,11.21
Hyundai,Tucson,SUV,Automatic,1999,5,Petrol,33.3
Hyundai,Tucson,SUV,Automatic,1999,5,Petrol,36.13
Hyundai,Tucson,SUV,Automatic,1999,5,Diesel,36.94
Hyundai,Tucson,SUV,Automatic,1999,5,Diesel,40.08
Hyundai,Tucson,SUV,Automatic,1999,5,Diesel,41.86
Tata,Tiago,Hatchback,Automatic,19200,5,Electric,9.25
Tata,Tiago,Hatchback,Automatic,19200,5,Electric,9.87
Tata,Tiago,Hatchback,Automatic,19200,5,Electric,10.95
Tata,Tiago,Hatchback,Automatic,19200,5,Electric,11.77
Tata,Tiago,Hatchback,Automatic,19200,5,Electric,12.29
Tata,Tiago,Hatchback,Automatic,19200,5,Electric,12.8
Tata,Tigor,Convertible,Automatic,55000,5,Electric,13.17
Tata,Tigor,Convertible,Automatic,55000,5,Electric,14.21
Tata,Tigor,Convertible,Automatic,55000,5,Electric,14.48
Mahindra,XUV400,SUV,Automatic,39400,5,Electric,17.12
Mahindra,XUV400,SUV,Automatic,39400,5,Electric,17.65
Mahindra,XUV400,SUV,Automatic,39400,5,Electric,20.21
Mahindra,Scorpio,SUV,Manual,2184,5,Diesel,16.34
Mahindra,Scorpio,SUV,Manual,2184,5,Diesel,16.66
Mahindra,Scorpio,SUV,Manual,2184,5,Diesel,20.84
Maruti,Suzuki,SUV,Manual,1462,5,Petrol,14.67
Maruti,Suzuki,SUV,Manual,1462,5,Petrol,15.75
Maruti,Suzuki,SUV,Automatic,1462,5,Petrol,16.04
Maruti,Suzuki,SUV,Automatic,1462,5,Petrol,17.12
Hyundai,Exter,SUV,Manual,1197,5,Petrol,6.74
Hyundai,Exter,SUV,Manual,1197,5,Petrol,7.2
Hyundai,Exter,SUV,Manual,1197,5,Petrol,8.33
Hyundai,Exter,SUV,Manual,1197,5,Petrol,8.49
Hyundai,Exter,SUV,Automatic,1197,5,Petrol,9.1
Hyundai,Exter,SUV,Manual,1197,5,Petrol,9.13
Hyundai,Exter,SUV,Manual,1197,5,CNG,9.4
Hyundai,Exter,SUV,Manual,1197,5,Petrol,9.85
Hyundai,Exter,SUV,Automatic,1197,5,Petrol,9.89
Hyundai,Exter,SUV,Manual,1197,5,CNG,10.21
Hyundai,Exter,SUV,Automatic,1197,5,Petrol,10.6
Hyundai,Exter,SUV,Manual,1197,5,Petrol,10.6
Hyundai,Exter,SUV,Automatic,1197,5,Petrol,11.88
Tata,Harrier,SUV,Manual,1956,5,Diesel,18.14
Tata,Harrier,SUV,Manual,1956,5,Diesel,19.82
Tata,Harrier,SUV,Manual,1956,5,Diesel,21.26
Tata,Harrier,SUV,Manual,1956,5,Diesel,22.41
Tata,Harrier,SUV,Automatic,1956,5,Diesel,22.56
Tata,Harrier,SUV,Manual,1956,5,Diesel,22.83
Tata,Harrier,SUV,Manual,1956,5,Diesel,23.08
Tata,Harrier,SUV,Automatic,1956,5,Diesel,23.71
Tata,Harrier,SUV,Automatic,1956,5,Diesel,24.15
Tata,Harrier,SUV,Automatic,1956,5,Diesel,24.39
Tata,Harrier,SUV,Manual,1956,5,Diesel,25.42
Tata,Harrier,SUV,Manual,1956,5,Diesel,25.89
Tata,Harrier,SUV,Manual,1956,5,Diesel,26
Tata,Harrier,SUV,Automatic,1956,5,Diesel,26.8
Tata,Harrier,SUV,Automatic,1956,5,Diesel,27.21
Tata,Harrier,SUV,Automatic,1956,5,Diesel,27.32
Tata,Harrier,SUV,Automatic,1956,5,Diesel,27.89
Tata,Harrier,SUV,Automatic,1956,5,Diesel,28.35
Tata,Harrier,SUV,Automatic,1956,5,Diesel,28.46
Kia,Carens,SUV,Manual,1493,5,Petrol,12.07
Kia,Carens,SUV,Manual,1493,5,Petrol,13.44
Kia,Carens,SUV,Manual,1493,5,Petrol,13.84
Kia,Carens,SUV,Manual,1493,5,Diesel,14.89
Kia,Carens,SUV,Manual,1493,5,Petrol,15.26
Kia,Carens,SUV,Manual,1493,5,Diesel,16.29
Kia,Carens,SUV,Manual,1493,5,Petrol,16.96
Kia,Carens,SUV,Manual,1493,5,Diesel,18.03
Kia,Carens,SUV,Automatic,1493,5,Petrol,18.1
Kia,Carens,SUV,Manual,1493,5,Petrol,18.61
Kia,Carens,SUV,Manual,1493,5,Diesel,19.71
Kia,Carens,SUV,Manual,1493,5,Petrol,20.09
Kia,Carens,SUV,Manual,1493,5,Petrol,20.15
Kia,Carens,SUV,Manual,1493,5,Diesel,21.11
Kia,Carens,SUV,Automatic,1493,5,Petrol,21.11
Kia,Carens,SUV,Automatic,1493,5,Petrol,21.17
Kia,Carens,SUV,Automatic,1493,5,Diesel,22.15
Kia,Carens,SUV,Automatic,1493,5,Diesel,22.21
MG,Hector,SUV,Manual,1451,5,Petrol,17.24
MG,Hector,SUV,Manual,1451,5,Petrol,19.71
MG,Hector,SUV,Manual,1451,5,Petrol,20.54
MG,Hector,SUV,Automatic,1451,5,Petrol,21.03
MG,Hector,SUV,Manual,1451,5,Petrol,21.04
MG,Hector,SUV,Manual,1451,5,Diesel,21.96
MG,Hector,SUV,Manual,1451,5,Petrol,22.19
MG,Hector,SUV,Manual,1451,5,Petrol,22.69
MG,Hector,SUV,Manual,1451,5,Diesel,23.21
MG,Hector,SUV,Automatic,1451,5,Petrol,23.7
MG,Hector,SUV,Automatic,1451,5,Petrol,24.21
MG,Hector,SUV,Manual,1451,5,Diesel,24.41
MG,Hector,SUV,Automatic,1451,5,Petrol,25.3
MG,Hector,SUV,Manual,1451,5,Diesel,25.6
MG,Gloster,SUV,Automatic,1996,5,Diesel,38.41
MG,Gloster,SUV,Automatic,1996,5,Diesel,43.87
MG,Gloster,SUV,Automatic,1996,5,Diesel,46.33
MG,Gloster,SUV,Automatic,1996,5,Diesel,49.55
Hyundai,Verna,Sedan,Manual,1482,5,Petrol,12.73
Hyundai,Verna,Sedan,Manual,1482,5,Petrol,13.94
Hyundai,Verna,Sedan,Manual,1482,5,Petrol,15.13
Hyundai,Verna,Sedan,Automatic,1482,5,Petrol,16.56
Hyundai,Verna,Sedan,Manual,1482,5,Petrol,17.05
Hyundai,Verna,Sedan,Manual,1482,5,Petrol,17.25
Hyundai,Verna,Sedan,Manual,1482,5,Petrol,18.57
Hyundai,Verna,Sedan,Automatic,1482,5,Petrol,18.68
Hyundai,Verna,Sedan,Automatic,1482,5,Petrol,18.81
Hyundai,Verna,Sedan,Automatic,1482,5,Petrol,20.17
Kia,Seltos,SUV,Manual,1482,5,Petrol,12.63
Kia,Seltos,SUV,Manual,1482,5,Petrol,14
Kia,Seltos,SUV,Manual,1482,5,Diesel,14.18
Kia,Seltos,SUV,Manual,1482,5,Petrol,15.6
Kia,Seltos,SUV,Manual,1482,5,Diesel,16.05
Kia,Seltos,SUV,Manual,1482,5,Petrol,17.31
Kia,Seltos,SUV,Manual,1482,5,Petrol,17.54
Kia,Seltos,SUV,Manual,1482,5,Diesel,17.68
Kia,Seltos,SUV,Automatic,1482,5,Petrol,19.13
Kia,Seltos,SUV,Manual,1482,5,Diesel,19.67
Kia,Seltos,SUV,Manual,1482,5,Petrol,21.07
Kia,Seltos,SUV,Automatic,1482,5,Diesel,21.41
Kia,Seltos,SUV,Manual,1482,5,Diesel,21.53
Kia,Seltos,SUV,Automatic,1482,5,Petrol,22.1
Kia,Seltos,SUV,Automatic,1482,5,Petrol,23.01
Kia,Seltos,SUV,Automatic,1482,5,Diesel,23.28
Kia,Seltos,SUV,Automatic,1482,5,Diesel,23.51
MG,Astor,SUV,Manual,1349,5,Petrol,12.25
MG,Astor,SUV,Manual,1349,5,Petrol,12.57
MG,Astor,SUV,Manual,1349,5,Petrol,14.17
MG,Astor,SUV,Manual,1349,5,Petrol,14.5
MG,Astor,SUV,Manual,1349,5,Petrol,16.02
MG,Astor,SUV,Automatic,1349,5,Petrol,16.12
MG,Astor,SUV,Manual,1349,5,Petrol,16.43
MG,Astor,SUV,Manual,1349,5,Petrol,17.09
MG,Astor,SUV,Manual,1349,5,Petrol,17.5
MG,Astor,SUV,Automatic,1349,5,Petrol,17.91
MG,Astor,SUV,Automatic,1349,5,Petrol,18.64
MG,Astor,SUV,Automatic,1349,5,Petrol,19.4
MG,Astor,SUV,Automatic,1349,5,Petrol,19.62
MG,Astor,SUV,Automatic,1349,5,Petrol,19.73
MG,Astor,SUV,Automatic,1349,5,Petrol,20.44
MG,Astor,SUV,Automatic,1349,5,Petrol,21.54
MG,Hector,SUV,Manual,1956,5,Petrol,20.64
MG,Hector,SUV,Manual,1956,5,Petrol,22.99
MG,Hector,SUV,Manual,1956,5,Petrol,23.33
MG,Hector,SUV,Manual,1956,5,Diesel,23.34
MG,Hector,SUV,Manual,1956,5,Petrol,23.49
MG,Hector,SUV,Automatic,1956,5,Petrol,24.49
MG,Hector,SUV,Automatic,1956,5,Petrol,24.83
MG,Hector,SUV,Automatic,1956,5,Petrol,25.01
MG,Hector,SUV,Manual,1956,5,Diesel,25.24
MG,Hector,SUV,Automatic,1956,5,Petrol,25.91
MG,Hector,SUV,Automatic,1956,5,Petrol,26.08
MG,Hector,SUV,Manual,1956,5,Diesel,26.41
MG,Hector,SUV,Manual,1956,5,Diesel,26.42
MG,ZS,SUV,Automatic,50300,5,Electric,24.57
MG,ZS,SUV,Automatic,50300,5,Electric,28.62
MG,ZS,SUV,Automatic,50300,5,Electric,28.72
Skoda,Kushaq,SUV,Manual,999,5,Petrol,13.6
Skoda,Kushaq,SUV,Manual,999,5,Petrol,14.25
Skoda,Kushaq,SUV,Manual,999,5,Petrol,14.99
Skoda,Kushaq,SUV,Manual,999,5,Petrol,15.4
Skoda,Kushaq,SUV,Automatic,999,5,Petrol,16.95
Skoda,Kushaq,SUV,Manual,999,5,Petrol,17.36
Skoda,Kushaq,SUV,Automatic,999,5,Petrol,17.45
Skoda,Kushaq,SUV,Manual,999,5,Petrol,17.96
Skoda,Kushaq,SUV,Manual,999,5,Petrol,18.26
Skoda,Kushaq,SUV,Manual,999,5,Petrol,19.36
Skoda,Kushaq,SUV,Automatic,999,5,Petrol,19.43
Skoda,Kushaq,SUV,Automatic,999,5,Petrol,20.02
Skoda,Kushaq,SUV,Manual,999,5,Petrol,20.66
Skoda,Kushaq,SUV,Automatic,999,5,Petrol,21.07
Skoda,Kushaq,SUV,Manual,999,5,Petrol,21.76
Skoda,Kushaq,SUV,Automatic,999,5,Petrol,22.07
Skoda,Kushaq,SUV,Automatic,999,5,Petrol,23.16
Kia,Sonet,SUV,Manual,1493,5,Petrol,8.75
Kia,Sonet,SUV,Manual,1493,5,Petrol,9.75
Kia,Sonet,SUV,Manual,1493,5,Petrol,10.78
Kia,Sonet,SUV,Manual,1493,5,Diesel,11.42
Kia,Sonet,SUV,Manual,1493,5,Petrol,12.07
Kia,Sonet,SUV,Manual,1493,5,Diesel,12.63
Kia,Sonet,SUV,Manual,1493,5,Petrol,13.16
Kia,Sonet,SUV,Manual,1493,5,Diesel,13.44
Kia,Sonet,SUV,Automatic,1493,5,Petrol,13.77
Kia,Sonet,SUV,Manual,1493,5,Diesel,14.44
Kia,Sonet,SUV,Manual,1493,5,Petrol,14.64
Kia,Sonet,SUV,Manual,1493,5,Petrol,15.02
Kia,Sonet,SUV,Automatic,1493,5,Diesel,15.37
Kia,Sonet,SUV,Automatic,1493,5,Petrol,15.71
Kia,Sonet,SUV,Automatic,1493,5,Petrol,15.93
Kia,Sonet,SUV,Manual,1493,5,Diesel,15.95
Kia,Sonet,SUV,Manual,1493,5,Diesel,16.35
Kia,Sonet,SUV,Automatic,1493,5,Diesel,17.28
Kia,Sonet,SUV,Automatic,1493,5,Diesel,17.51
Skoda,Slavia,Sedan,Manual,999,5,Petrol,13.08
Skoda,Slavia,Sedan,Manual,999,5,Petrol,15.15
Skoda,Slavia,Sedan,Manual,999,5,Petrol,16.43
Skoda,Slavia,Sedan,Automatic,999,5,Petrol,16.64
Skoda,Slavia,Sedan,Manual,999,5,Petrol,16.95
Skoda,Slavia,Sedan,Manual,999,5,Petrol,17
Skoda,Slavia,Sedan,Manual,999,5,Petrol,17.24
Skoda,Slavia,Sedan,Manual,999,5,Petrol,17.51
Skoda,Slavia,Sedan,Automatic,999,5,Petrol,18.39
Skoda,Slavia,Sedan,Automatic,999,5,Petrol,18.76
Skoda,Slavia,Sedan,Automatic,999,5,Petrol,18.9
Skoda,Slavia,Sedan,Manual,999,5,Petrol,19.63
Skoda,Slavia,Sedan,Manual,999,5,Petrol,20.11
Skoda,Slavia,Sedan,Automatic,999,5,Petrol,21.27
Skoda,Slavia,Sedan,Automatic,999,5,Petrol,21.73
